jenis_kendaraan,Volume,Total_VKT,Total_Emisi,Persentase
Bus,491,318.0951,0.2824048297799976,6.959773979712996
Mobil,10294,6142.3858,1.170738733479997,28.85247033722421
Motor,74804,45533.7214,2.604528864079999,64.1877556830628
